t_h,n,diameter_um,frac_G1,frac_SG2M,frac_necrotic,frac_quiescent,min_o2_mmHg,max_lactate_mM,wall_s
6.0,1299,209.6,0.5465742879137798,0.4534257120862202,0.0,0.0,132.63217605744182,0.18400949097096353,0.5
12.0,1608,218.4,0.5354477611940298,0.46455223880597013,0.0,0.0,131.6124920027924,0.20404457950007038,1.1
18.0,1937,230.4,0.45947341249354673,0.5405265875064533,0.0,0.0,130.44483742700078,0.2269896819839683,1.9
24.0,2404,244.9,0.5079034941763727,0.4920965058236273,0.0,0.0,128.14422302896804,0.27220216479747367,2.9
30.0,3015,258.5,0.5409618573797679,0.4590381426202322,0.0,0.0,126.67884386819402,0.3010038309558585,4.1
36.0,3638,271.1,0.4909290819131391,0.5090709180868609,0.0,0.0,124.57040053594586,0.34245040654081454,5.5
42.0,4461,286.3,0.49226630800269,0.50773369199731,0.0,0.0,121.88554097860971,0.39523870668950783,7.3
48.0,5549,304.2,0.5217156244368355,0.47828437556316455,0.0,0.0,118.48790046030707,0.46205609512429274,9.7
54.0,6811,321.6,0.5071208339450888,0.49287916605491117,0.0,0.0,116.00807638717679,0.5108350817744159,12.6
60.0,8365,340.3,0.5013747758517633,0.4986252241482367,0.0,0.0,111.21217127720732,0.6052096633890732,16.3
66.0,10315,359.1,0.5210857973824528,0.47891420261754725,0.0,0.022791744106426686,106.222287313757,0.7034426755606682,21.1
72.0,12731,380.4,0.5399418741654229,0.460058125834577,0.0,0.06836726610156064,99.58394818763858,0.8342269994768455,27.3
78.0,15485,401.6,0.5519535033903777,0.4480464966096222,0.0,0.1387441375716519,90.9250560454534,1.0050350276309026,35.1
84.0,18884,423.7,0.5980194873967379,0.401980512603262,0.0,0.21256141850032045,81.7319470805427,1.1866988303094579,45.2
90.0,22658,446.1,0.6298878983140612,0.3701121016859387,0.0,0.27390376234101216,73.19861438047076,1.355695730126054,57.9
96.0,26724,467.6,0.6498278700793294,0.35017212992067054,0.0,0.3212294711466024,64.71445578773049,1.5241485408684878,73.4
102.0,31300,490.2,0.6677635782747604,0.3322364217252396,0.0,0.3683584584230658,55.971001865688606,1.69839308737339,92.2
108.0,36411,511.9,0.6921260058773447,0.30787399412265526,0.0,0.4095843115591769,46.64947472716719,1.8853241845574806,114.7
114.0,42112,534.0,0.7151168313069909,0.2848831686930091,0.0,0.44365052812694167,37.3501469960979,2.0732766576909447,141.9
120.0,48095,556.0,0.7241501195550473,0.2758498804449527,0.0,0.47784558792793547,27.96513584505214,2.265627241947548,174.3
126.0,54658,578.0,0.741684657323722,0.2583153426762779,0.0,0.5014896277769604,18.81988377491872,2.458211440252132,212.0
132.0,61764,599.8,0.7531895602616411,0.24681043973835892,0.0,0.529456758780067,9.77491965311106,2.6600821623673507,255.1
138.0,69370,621.6,0.7630964393830186,0.2369035606169814,0.0,0.553712663325318,2.4105298975372427,2.874093975193921,303.6
144.0,77589,643.4,0.7764889352872185,0.2230857466908969,0.0004253180218845455,0.5719391388798964,0.3133394879717705,3.0535479007262287,357.3
150.0,86370,665.0,0.7829338890818571,0.21294430936667824,0.004121801551464629,0.5854707811082948,0.20994974633835897,3.136962685377537,417.4
156.0,95511,686.2,0.7803917873333962,0.20836343457821613,0.011244778088387725,0.5966889157513008,0.19151798351401808,3.184624783201793,484.3
