t_h,n,diameter_um,frac_G1,frac_SG2M,frac_necrotic,frac_apoptotic,frac_quiescent,tcells,t_anergic,hits,kills,min_o2_mmHg,max_lactate_mM,wall_s
6.0,1299,209.6,0.5465742879137798,0.4534257120862202,0.0,0.0,0.0,0,0,0,0,132.63217605744182,0.18400949097096353,0.5
12.0,1608,218.4,0.5354477611940298,0.46455223880597013,0.0,0.0,0.0,0,0,0,0,131.6124920027924,0.20404457950007038,1.1
18.0,1937,230.4,0.45947341249354673,0.5405265875064533,0.0,0.0,0.0,0,0,0,0,130.44483742700078,0.2269896819839683,1.8
24.0,2404,244.9,0.5079034941763727,0.4920965058236273,0.0,0.0,0.0,0,0,0,0,128.14422302896804,0.27220216479747367,2.8
30.0,3015,258.5,0.5409618573797679,0.4590381426202322,0.0,0.0,0.0,0,0,0,0,126.67884386819402,0.3010038309558585,4.0
36.0,3638,271.1,0.4909290819131391,0.5090709180868609,0.0,0.0,0.0,0,0,0,0,124.57040053594586,0.34245040654081454,5.4
42.0,4461,286.3,0.49226630800269,0.50773369199731,0.0,0.0,0.0,0,0,0,0,121.88554097860971,0.39523870668950783,7.2
48.0,5549,304.2,0.5217156244368355,0.47828437556316455,0.0,0.0,0.0,0,0,0,0,118.48790046030707,0.46205609512429274,9.6
54.0,6811,321.6,0.5071208339450888,0.49287916605491117,0.0,0.0,0.0,0,0,0,0,116.00807638717679,0.5108350817744159,12.5
60.0,8365,340.3,0.5013747758517633,0.4986252241482367,0.0,0.0,0.0,0,0,0,0,111.21217127720732,0.6052096633890732,16.1
66.0,10315,359.1,0.5210857973824528,0.47891420261754725,0.0,0.0,0.022791744106426686,0,0,0,0,106.222287313757,0.7034426755606682,20.9
72.0,12731,380.4,0.5399418741654229,0.460058125834577,0.0,0.0,0.06836726610156064,0,0,0,0,99.58394818763858,0.8342269994768455,27.0
78.0,15485,401.4,0.5520826606393284,0.44791733936067163,0.0,0.0,0.1380276185513288,70,0,0,0,91.03130367003996,1.0029373301825486,35.1
84.0,18884,423.0,0.5986019911035797,0.40139800889642024,0.0,0.0,0.21132176234979974,129,0,0,0,81.55714482607327,1.1901588261575475,45.9
90.0,22670,445.7,0.6297309219232465,0.3702690780767534,0.0,0.0,0.27190721649484534,187,0,0,0,73.33910527619639,1.352895314247756,59.3
96.0,26765,468.2,0.6481972725574444,0.3518027274425556,0.0,0.0,0.32392882669375167,241,0,0,0,64.57133233937459,1.5270234749970855,75.4
102.0,31378,490.5,0.6694499330741284,0.33055006692587163,0.0,0.0,0.3693595458772971,287,0,0,0,55.956271746193124,1.6986830955558345,93.6
108.0,36516,512.5,0.6926826596560411,0.3073173403439588,0.0,0.0,0.41144541797542294,345,0,0,0,46.5064258741248,1.8882061220071853,115.8
114.0,42144,534.2,0.7121535687167806,0.28784643128321946,0.0,0.0,0.44329896907216493,392,0,0,0,37.754389188545794,2.0646189456203152,143.5
120.0,48153,556.5,0.726808298548377,0.27319170145162297,0.0,0.0,0.4763973598462695,451,0,0,0,28.00245958061482,2.2648454763978503,173.7
