t_h,n,diameter_um,frac_G1,frac_SG2M,frac_necrotic,frac_apoptotic,frac_quiescent,median_mut,cells_with_driver,fibroblasts,immune,n_macrophage,n_dendritic,n_NK,n_B_cell,n_Treg,n_neutrophil,ecm_mean,tcells,t_anergic,hits,kills,min_o2_mmHg,max_lactate_mM,wall_s
6.0,1215,207.6,0.49876543209876545,0.5012345679012346,0.0,0.0,0.0,0.0,0,109,251,120,12,21,38,28,32,0.0105,75,0,0,0,132.92015266112685,0.1783511124740518,0.7
12.0,1460,213.5,0.5746575342465754,0.42534246575342466,0.0,0.0,0.0,40.0,0,112,307,145,17,24,50,34,37,0.0226,75,0,0,0,132.18466208362352,0.19280258077584295,1.4
18.0,1676,223.6,0.5220763723150358,0.4779236276849642,0.0,0.0,0.0,43.0,0,121,355,167,19,28,58,38,45,0.0345,75,0,0,0,131.22535691244627,0.21165189291155176,2.2
24.0,1926,232.7,0.4657320872274143,0.5342679127725857,0.0,0.0,0.0,45.0,1,125,404,194,21,34,65,44,46,0.0463,75,0,0,0,130.53086929107397,0.22529826486196944,3.2
30.0,2248,242.1,0.4830960854092527,0.5169039145907474,0.0,0.0,0.0,48.0,1,136,476,226,25,38,78,50,59,0.0572,75,0,0,0,129.10060796702962,0.2534059275199273,4.3
36.0,2648,252.5,0.5268126888217523,0.47318731117824775,0.0,0.0,0.0,60.0,1,142,557,266,31,45,89,60,66,0.0668,75,0,0,0,127.69223504037333,0.2810851779986012,5.6
42.0,3119,262.6,0.5299775569092658,0.4700224430907342,0.0,0.0,0.0,86.0,1,148,655,310,35,51,107,72,80,0.0748,75,0,0,0,126.06760905628256,0.3130189101420539,7.1
48.0,3606,272.9,0.5055463117027177,0.4944536882972823,0.0,0.0,0.0,90.0,1,153,755,363,36,62,124,84,86,0.0813,75,0,0,0,124.57166818605086,0.34242503390585194,8.8
54.0,4179,285.8,0.4838478104809763,0.5161521895190236,0.0,0.0,0.0,93.0,1,170,873,413,47,72,141,96,104,0.0864,75,0,0,0,122.7045773061184,0.3791334653715693,10.7
60.0,4914,297.6,0.5160765160765161,0.48392348392348394,0.0,0.0,0.0,100.0,2,173,1032,492,53,83,167,112,125,0.0887,75,0,0,0,120.40455862156966,0.4243582700170885,13.1
66.0,5773,309.5,0.5295340377619955,0.4704659622380045,0.0,0.0,0.0,126.0,2,181,1219,578,64,100,197,133,147,0.09,75,0,0,0,118.39412561820036,0.46389951781646377,15.9
72.0,6717,323.4,0.5113890129522108,0.4886109870477892,0.0,0.0,0.0,133.0,3,189,1417,671,72,116,238,153,167,0.0908,75,0,0,0,115.69335893418122,0.5170268276734172,19.4
78.0,7768,337.7,0.4869979402677652,0.5130020597322348,0.0,0.0,0.0,137.0,3,195,1644,791,86,136,265,178,188,0.0901,75,0,0,0,113.27617081169626,0.564586012278433,23.3
84.0,9082,352.3,0.5004404316229906,0.4995595683770095,0.0,0.0,0.006100266193433896,143.0,6,204,1913,912,100,151,312,208,230,0.0836,75,0,0,0,109.66649898962504,0.6356302140269773,28.4
90.0,10698,368.2,0.5270143952140587,0.4729856047859413,0.0,0.0,0.03292568203198495,160.0,6,212,2228,1061,113,180,368,245,261,0.0734,75,0,0,0,105.00017457594532,0.7275122536397428,34.2
96.0,12494,383.1,0.5385785176884905,0.4559788698575316,0.0,0.005442612453977909,0.06960090119085935,175.0,8,222,2611,1238,132,213,429,287,312,0.0631,305,0,1060,68,99.33940544775194,0.8390467627176867,42.0
